<?xml version="1.0" encoding="UTF-8"?>

<beans xmlns="http://www.springframework.org/schema/beans"
	xmlns:xsi="http://www.w3.org/2001/XMLSchema-instance"
	xsi:schemaLocation="http://www.springframework.org/schema/beans
		https://www.springframework.org/schema/beans/spring-beans.xsd">

	<bean id="employee1" class="com.demo.Employee">

		<constructor-arg name="employeeId" value="1010" />

		<constructor-arg name="employeeName" value="Hitesh" />

		<constructor-arg name="employeeAge" value="21" />


	</bean>

	<bean id="employee2" class="com.demo.Employee">

		<constructor-arg name="employeeId">
			<value>2020</value>
		</constructor-arg>

		<constructor-arg name="employeeName">
			<value>Rahul</value>
		</constructor-arg>

		<constructor-arg name="employeeAge">
			<value>25</value>
		</constructor-arg>

	</bean>



</beans>