<?xml version="1.0" encoding="UTF-8"?>

<beans xmlns="http://www.springframework.org/schema/beans"
	xmlns:xsi="http://www.w3.org/2001/XMLSchema-instance"
	xsi:schemaLocation="http://www.springframework.org/schema/beans
		https://www.springframework.org/schema/beans/spring-beans.xsd">

	<bean id="product1" class="com.demoXMLConfiguration.Product">

		<constructor-arg name="productID" value="101" />

		<constructor-arg name="productName" value="HP Victus" />

		<constructor-arg name="productPrice" value="83000" />

	</bean>

	<bean id="product2" class="com.demoXMLConfiguration.Product">

		<constructor-arg name="productID" value="102" />

		<constructor-arg name="productName" value="Dell Laptop" />

		<constructor-arg name="productPrice" value="92000" />

	</bean>



</beans>