<?xml version="1.0" encoding="UTF-8"?>

<beans xmlns="http://www.springframework.org/schema/beans"
	xmlns:xsi="http://www.w3.org/2001/XMLSchema-instance"
	xsi:schemaLocation="http://www.springframework.org/schema/beans
		https://www.springframework.org/schema/beans/spring-beans.xsd">

	<bean id="student1" class="com.demo.Student">

		<constructor-arg name="studentRollNo" value="101" />

		<constructor-arg name="studentName" value="Hitesh" />

		<constructor-arg name="studentAge" value="21" />

		<constructor-arg name="studentGender" value="Male" />

	</bean>

	<bean id="student2" class="com.demo.Student">

		<constructor-arg name="studentRollNo" value="102" />

		<constructor-arg name="studentName" value="Rushikesh" />

		<constructor-arg name="studentAge" value="21" />

		<constructor-arg name="studentGender" value="Male" />

	</bean>

	<bean id="student3" class="com.demo.Student">

		<constructor-arg name="studentRollNo" value="103" />

		<constructor-arg name="studentName" value="Pranav" />

		<constructor-arg name="studentAge" value="21" />

		<constructor-arg name="studentGender" value="Male" />

	</bean>

	<bean id="student4" class="com.demo.Student">

		<constructor-arg name="studentRollNo" value="104" />

		<constructor-arg name="studentName" value="Dhanashree" />

		<constructor-arg name="studentAge" value="18" />

		<constructor-arg name="studentGender" value="Female" />

	</bean>

</beans>